Date,PXI,ZJB,WXV,WFI,WRL,CQC,YVW,PDT,BKI,XPE,RDA,XLA,XXO,VRD,TRV,AXM,QRY,ZLH,YDI,BQV,GLQ,ZPL,SJU,AWF,YXF,UZO,TLJ,SPF,XFP,ZFX,AEQ,XJT,WDZ,YRU,VLS,UFY,BEY,DKS,CWN,QJL
2019-01-01,540,0,82,59,84,228,0,291,0,71,665,86,87,63,79,50,245,63,0,0,56,49,604,169,73,73,76,561,72,109,0,91,79,68,50,61,236,239,234,290
2019-01-02,393,0,89,87,75,151,0,264,0,68,534,79,87,50,77,56,198,73,0,0,63,65,488,170,100,70,87,506,63,99,0,83,84,70,60,65,202,179,238,248
2019-01-03,398,0,92,92,74,150,0,215,0,76,410,82,88,62,69,66,197,71,0,0,49,61,414,127,70,73,92,398,32,108,0,71,74,65,58,71,175,140,181,187
2019-01-04,324,0,102,63,72,66,0,202,0,68,426,83,82,53,78,58,172,67,0,0,58,59,282,91,65,69,78,340,77,81,0,86,92,74,58,59,141,96,147,187
2019-01-05,316,0,75,81,77,121,0,200,0,79,405,80,97,61,80,46,184,59,0,0,62,66,428,96,93,81,78,356,61,74,0,89,87,58,65,76,129,122,148,243
2019-01-06,415,0,82,16,92,118,0,236,0,68,526,78,85,55,74,56,196,87,0,0,56,57,565,120,70,72,80,370,74,82,0,83,80,72,62,73,156,142,178,190
2019-01-07,533,0,95,62,76,178,0,279,0,77,571,78,86,56,78,65,246,65,0,0,61,66,519,157,83,74,86,479,80,93,0,79,79,86,59,62,201,180,229,245
2019-01-08,502,0,81,86,92,212,0,283,0,60,641,77,88,56,72,40,246,69,0,0,48,58,547,185,86,63,78,505,79,81,0,83,83,71,80,48,225,218,232,261
2019-01-09,488,0,94,61,76,189,0,277,0,71,611,87,101,47,76,57,287,66,0,0,53,50,532,148,80,63,89,493,69,115,0,94,86,57,48,56,198,188,233,202
2019-01-10,384,0,81,71,74,107,0,234,0,80,529,76,88,54,73,68,198,73,0,0,70,59,416,132,78,76,77,443,87,65,0,77,81,51,54,49,170,129,175,264
2019-01-11,303,0,97,67,73,150,0,189,0,72,419,84,89,54,79,56,181,77,0,0,59,60,398,99,93,61,85,342,75,107,0,76,79,66,46,60,128,103,149,191
2019-01-12,258,0,74,86,60,117,0,203,0,75,394,78,99,63,85,59,207,50,0,0,65,57,410,75,88,74,77,317,73,104,0,80,84,78,46,74,131,102,139,192
2019-01-13,360,0,82,90,75,109,0,229,0,82,533,81,104,63,67,59,204,79,0,0,55,69,411,94,87,77,85,411,85,92,0,90,79,59,64,50,170,152,185,248
2019-01-14,550,0,92,67,78,156,0,270,0,60,588,85,78,59,83,57,237,56,0,0,53,63,524,169,86,69,83,491,49,80,0,81,85,67,63,60,203,210,209,226
2019-01-15,494,0,92,80,77,178,0,282,0,74,583,76,90,55,72,49,281,66,0,0,43,44,446,199,74,79,75,539,73,106,0,76,77,62,66,77,219,223,242,290
2019-01-16,422,0,85,87,81,168,0,291,0,61,584,83,90,63,86,49,274,70,0,0,48,53,572,167,73,65,86,502,80,82,0,86,83,70,62,79,209,200,223,290
2019-01-17,341,0,86,84,74,135,0,231,0,80,510,86,108,55,81,53,234,70,0,0,51,51,421,125,76,69,78,420,65,101,0,83,75,56,51,65,154,127,183,223
2019-01-18,323,0,76,113,78,164,0,197,0,79,340,80,86,70,72,70,186,52,0,0,49,61,364,95,74,65,92,352,71,110,0,90,83,66,68,60,134,134,158,175
2019-01-19,290,0,95,82,89,76,0,183,0,69,430,75,80,58,72,67,234,71,0,0,51,59,310,96,91,74,78,353,64,121,0,69,83,74,56,49,128,113,146,147
2019-01-20,403,0,84,95,85,149,0,227,0,61,496,88,95,59,70,66,295,87,0,0,55,64,513,113,66,64,75,400,71,117,0,88,84,75,56,51,173,129,179,249
2019-01-21,485,0,89,84,78,174,0,286,0,75,538,74,87,50,70,57,214,79,0,0,55,65,648,143,62,76,91,482,71,117,0,82,80,63,69,76,215,193,228,327
2019-01-22,485,0,85,98,79,184,0,278,0,78,713,83,86,54,78,58,297,57,0,0,56,59,564,178,66,78,71,498,65,112,0,90,88,67,62,61,237,219,223,264
2019-01-23,475,0,89,79,79,212,0,277,0,68,498,88,72,54,74,69,286,76,0,0,58,53,590,152,90,60,92,496,73,96,0,86,90,79,51,61,197,183,221,293
2019-01-24,391,0,92,90,88,149,0,230,0,74,434,76,92,58,83,60,201,75,0,0,55,62,318,119,66,83,72,410,56,109,0,76,84,61,77,64,163,130,193,157
2019-01-25,285,0,83,92,62,75,0,204,0,85,432,83,101,53,70,62,166,69,0,0,52,55,225,83,72,68,83,341,76,77,0,89,76,62,61,64,122,116,154,151
2019-01-26,352,0,92,72,86,102,0,183,0,63,418,75,85,57,79,58,167,60,0,0,72,66,333,79,64,72,94,382,79,90,0,81,80,69,42,69,141,118,153,103
2019-01-27,354,0,86,82,70,137,0,213,0,69,534,91,87,55,72,72,231,74,0,0,43,56,422,137,75,68,80,411,78,77,0,74,79,60,66,66,174,144,189,217
2019-01-28,485,0,82,63,79,137,0,267,0,73,557,79,75,67,75,60,232,71,0,0,56,60,503,175,81,76,82,478,63,87,0,91,76,66,53,53,197,192,224,265
2019-01-29,504,0,100,81,77,226,0,299,0,73,636,82,81,58,79,55,324,61,0,0,54,61,578,189,58,70,76,524,83,108,0,86,84,70,59,76,219,172,233,285
2019-01-30,442,0,78,107,82,175,0,274,0,80,577,81,86,53,83,57,223,72,0,0,71,56,654,159,69,60,84,472,86,62,0,79,90,72,54,64,208,183,210,295
2019-01-31,390,0,76,73,74,92,0,236,0,72,488,72,85,56,71,61,221,70,0,0,53,65,473,128,79,71,70,416,67,113,0,97,74,80,65,55,155,148,192,207
2019-02-01,359,0,95,96,80,88,0,192,0,69,350,87,94,55,71,46,203,70,0,0,37,57,348,93,74,69,82,334,55,89,0,74,89,70,33,78,124,111,157,183
2019-02-02,304,0,72,106,85,61,0,196,0,70,497,78,101,53,78,51,182,52,0,0,61,63,400,84,86,75,76,357,74,81,0,81,80,52,74,50,127,128,133,214
2019-02-03,386,0,83,75,80,136,0,236,0,71,472,79,87,63,80,67,207,65,0,0,56,60,355,131,68,70,82,402,85,84,0,86,95,84,70,77,151,145,183,209
2019-02-04,466,0,92,76,74,174,0,280,0,57,500,81,88,51,76,49,248,73,0,0,58,52,479,155,77,69,84,500,71,102,0,92,85,70,65,59,214,195,234,223
2019-02-05,515,0,90,93,74,180,0,282,0,69,710,82,88,55,71,70,259,59,0,0,55,66,735,196,72,71,86,533,76,77,0,80,83,54,52,65,217,215,251,312
2019-02-06,366,0,90,96,88,178,0,294,0,75,619,86,86,58,83,44,284,66,0,0,58,69,567,159,73,70,82,481,77,100,0,84,84,69,68,66,204,195,221,261
2019-02-07,440,0,100,91,77,107,0,227,0,80,550,76,92,62,70,63,202,66,0,0,60,62,454,126,71,64,79,399,59,73,0,88,78,72,69,59,178,164,179,209
2019-02-08,335,0,85,90,69,88,0,180,0,76,498,81,87,51,74,53,142,53,0,0,69,53,456,78,77,76,77,340,74,91,0,74,86,70,60,51,135,105,131,298
2019-02-09,252,0,94,57,74,117,0,198,0,78,369,84,86,58,86,48,221,73,0,0,65,66,454,102,62,68,71,360,89,99,0,87,80,69,69,44,128,105,151,210
2019-02-10,392,0,81,98,82,180,0,242,0,61,377,87,90,68,74,55,265,62,0,0,53,61,384,126,57,68,90,424,70,105,0,85,76,61,59,54,165,154,194,256
2019-02-11,467,0,83,78,77,152,0,266,0,75,568,79,81,57,71,56,289,77,0,0,47,55,493,187,72,65,65,503,40,83,0,84,78,75,52,55,219,178,219,226
2019-02-12,521,0,89,107,73,214,0,281,0,80,556,81,80,60,83,61,277,71,0,0,58,56,579,191,75,73,82,539,68,114,0,89,78,68,52,78,228,214,256,299
2019-02-13,483,0,83,66,79,171,0,277,0,71,601,83,88,58,72,58,286,63,0,0,62,68,444,166,104,70,85,480,89,100,0,80,76,58,77,76,197,184,214,267
2019-02-14,306,0,91,94,82,158,0,236,0,73,491,78,90,50,78,54,190,64,0,0,55,52,455,112,79,77,82,404,57,76,0,76,84,60,69,45,162,145,184,210
2019-02-15,326,0,76,91,84,110,0,186,0,64,391,83,92,56,70,67,204,57,0,0,57,58,381,93,86,77,81,333,59,73,0,86,81,52,54,66,145,83,143,212
2019-02-16,316,0,96,83,74,116,0,195,0,68,375,83,88,54,78,63,184,52,0,0,58,65,394,91,99,79,79,343,59,96,0,85,85,56,49,81,129,114,139,148
2019-02-17,399,0,72,107,71,168,0,241,0,76,465,81,102,65,75,63,228,83,0,0,57,62,404,130,78,74,80,414,81,89,0,90,74,72,51,79,165,136,183,190
2019-02-18,475,0,96,86,78,177,0,275,0,70,631,74,88,55,87,49,230,68,0,0,65,57,534,145,82,63,94,498,53,78,0,81,87,77,67,53,201,195,238,231
2019-02-19,571,0,90,89,62,238,0,281,0,59,585,79,100,57,76,62,276,72,0,0,61,64,601,187,77,67,80,523,74,88,0,92,79,75,59,73,230,192,248,247
2019-02-20,475,0,91,84,86,149,0,279,0,67,586,87,86,59,62,45,242,62,0,0,64,65,498,179,76,71,93,492,72,69,0,74,95,67,56,60,215,167,218,205
2019-02-21,409,0,90,68,75,168,0,206,0,81,521,84,91,56,81,67,200,52,0,0,58,48,477,128,69,77,73,397,57,93,0,84,83,64,72,54,169,156,170,196
2019-02-22,281,0,80,113,94,107,0,192,0,79,434,83,87,56,69,57,166,67,0,0,53,51,446,100,56,76,77,323,81,54,0,83,78,62,60,64,131,110,146,207
2019-02-23,315,0,91,116,79,153,0,178,0,74,357,85,91,59,78,58,170,71,0,0,47,62,439,79,69,70,86,346,72,97,0,93,82,77,79,66,133,106,157,214
2019-02-24,394,0,85,74,81,138,0,234,0,76,485,79,83,57,78,61,233,67,0,0,62,57,456,120,54,67,66,400,46,109,0,80,80,62,79,60,168,156,181,189
2019-02-25,507,0,88,97,91,216,0,273,0,61,615,78,98,54,67,62,297,78,0,0,56,54,553,178,73,66,81,510,65,88,0,81,77,65,55,73,192,192,224,209
2019-02-26,485,0,96,105,79,200,0,294,0,74,572,86,90,49,74,43,298,65,0,0,52,59,595,213,75,73,88,529,52,94,0,91,86,67,59,51,218,190,237,319
2019-02-27,459,0,90,122,77,158,0,265,0,73,614,85,80,61,75,57,249,69,0,0,56,64,650,153,94,78,81,479,95,91,0,83,72,78,61,39,204,182,233,256
2019-02-28,440,0,83,115,63,116,0,219,0,75,484,78,93,51,78,53,243,86,0,0,77,64,542,109,79,78,88,413,62,76,0,80,91,57,60,63,152,130,167,238
2019-03-01,274,0,81,95,78,151,0,206,0,75,421,84,91,60,79,54,200,61,0,0,54,71,304,81,83,73,88,334,52,83,0,85,79,65,48,51,143,108,161,179
2019-03-02,361,0,88,91,69,107,0,192,0,74,381,80,102,55,82,57,154,70,0,0,54,54,253,89,82,65,79,335,78,60,0,84,89,54,58,75,126,98,144,173
2019-03-03,364,0,78,92,87,169,0,230,0,74,496,85,97,58,83,56,262,73,0,0,52,61,536,101,83,72,95,417,65,72,0,77,76,75,62,63,156,157,179,218
2019-03-04,592,0,94,78,78,196,0,253,0,75,627,79,82,59,75,63,286,58,0,0,52,60,670,180,75,68,86,481,65,85,0,88,86,68,56,70,222,199,234,237
2019-03-05,519,0,93,95,75,241,0,301,0,68,639,82,87,62,61,43,277,69,0,0,60,67,503,204,106,75,92,529,72,101,0,82,76,65,69,63,220,222,228,345
2019-03-06,499,0,87,94,60,199,0,275,0,64,567,90,91,52,79,58,268,52,0,0,46,61,609,157,80,79,81,512,76,85,0,85,78,78,70,56,205,180,234,263
2019-03-07,419,0,86,64,80,132,0,232,0,73,479,78,95,60,73,63,254,67,0,0,62,64,414,125,73,66,85,426,66,80,0,84,87,62,48,70,154,135,175,176
2019-03-08,348,0,84,57,85,108,0,182,0,75,455,79,96,61,86,65,168,57,0,0,60,68,262,95,69,78,90,340,64,71,0,85,73,68,53,67,135,121,153,147
2019-03-09,288,0,80,66,88,125,0,201,0,69,457,84,79,56,79,64,150,65,0,0,48,57,368,107,69,72,79,325,55,72,0,89,88,68,63,74,132,112,154,176
2019-03-10,403,0,82,92,61,152,0,245,0,74,532,75,91,51,77,57,203,70,0,0,58,59,424,132,61,77,84,411,67,116,0,79,82,62,57,64,171,159,208,212
2019-03-11,529,0,73,81,71,161,0,267,0,78,664,85,88,60,72,56,253,72,0,0,56,58,490,158,80,66,74,477,51,82,0,89,88,56,70,71,199,176,222,259
2019-03-12,497,0,82,68,67,149,0,280,0,66,643,86,84,66,79,45,283,65,0,0,70,54,700,178,62,75,89,520,65,74,0,84,77,76,58,56,230,219,238,326
2019-03-13,483,0,88,67,76,169,0,290,0,77,523,81,100,56,72,77,224,54,0,0,49,55,621,157,85,73,79,492,52,102,0,85,85,81,68,61,194,198,228,296
2019-03-14,353,0,91,114,89,212,0,218,0,75,519,72,90,64,82,55,271,77,0,0,57,75,534,96,83,67,73,422,70,88,0,83,78,62,67,68,171,134,176,207
2019-03-15,352,0,108,96,86,115,0,193,0,63,531,86,89,50,72,57,189,62,0,0,69,59,366,113,55,68,83,329,72,92,0,77,87,80,75,60,131,117,147,175
2019-03-16,354,0,91,70,73,84,0,215,0,71,445,79,74,59,81,63,219,80,0,0,63,62,353,91,81,81,82,326,52,133,0,84,86,69,46,48,135,126,145,220
2019-03-17,374,0,90,97,85,112,0,228,0,79,549,87,100,58,70,59,207,67,0,0,64,52,435,124,94,66,76,400,70,93,0,88,82,81,64,66,178,138,185,188
2019-03-18,471,0,91,93,71,179,0,285,0,63,575,86,96,50,78,62,275,68,0,0,42,59,461,156,95,76,82,502,92,99,0,90,79,70,67,76,194,192,220,175
2019-03-19,483,0,92,50,90,188,0,306,0,73,675,77,84,63,74,51,288,72,0,0,56,62,661,186,74,72,88,565,62,96,0,78,75,78,64,77,237,202,239,282
2019-03-20,461,0,84,85,76,178,0,279,0,75,589,82,79,65,81,68,260,69,0,0,63,55,566,178,79,70,91,483,87,85,0,86,92,57,72,67,210,193,227,303
2019-03-21,404,0,96,110,81,170,0,230,0,76,518,84,79,52,77,71,248,79,0,0,42,58,472,116,71,69,94,394,70,78,0,81,74,56,50,47,163,159,176,260
2019-03-22,317,0,82,91,74,116,0,188,0,60,387,87,81,47,65,54,192,62,0,0,82,70,304,91,60,73,95,345,80,91,0,91,84,63,85,55,146,108,146,180
2019-03-23,291,0,82,81,92,38,0,220,0,70,462,80,88,50,75,66,161,50,0,0,55,58,475,111,76,70,79,335,64,86,0,87,81,55,71,81,129,102,160,193
2019-03-24,321,0,91,97,69,120,0,244,0,76,473,75,91,54,74,50,197,69,0,0,73,54,527,114,81,73,91,400,78,117,0,80,83,70,68,55,167,144,178,203
2019-03-25,517,0,81,97,90,220,0,262,0,81,580,86,102,57,73,56,281,81,0,0,70,65,585,142,92,71,77,501,70,84,0,86,86,71,60,59,204,188,219,269
2019-03-26,474,0,95,89,71,159,0,309,0,64,657,84,87,56,68,59,303,66,0,0,53,55,582,175,78,76,96,510,36,106,0,74,84,70,69,48,236,200,249,264
2019-03-27,456,0,83,97,88,255,0,267,0,72,557,73,91,58,72,60,247,73,0,0,59,55,399,163,114,72,87,490,53,74,0,91,73,79,65,65,216,182,240,215
2019-03-28,304,0,72,64,75,162,0,236,0,79,551,84,90,59,73,59,224,68,0,0,67,65,294,111,68,75,78,410,78,97,0,90,85,60,64,65,172,149,179,286
2019-03-29,392,0,89,96,64,66,0,219,0,75,403,90,101,53,71,54,201,50,0,0,70,62,419,87,67,70,76,315,70,104,0,82,79,52,53,72,131,108,150,164
2019-03-30,317,0,94,67,100,102,0,193,0,86,403,80,79,61,76,66,194,76,0,0,61,63,416,97,85,62,95,357,77,90,0,71,85,67,57,46,129,113,134,209
2019-03-31,353,0,81,85,73,160,0,232,0,65,519,80,85,56,77,57,180,70,0,0,50,64,352,153,80,69,80,416,41,48,0,75,81,69,46,71,167,151,188,219
2019-04-01,443,87,91,55,74,206,0,271,0,70,664,81,90,56,71,52,280,64,0,0,49,69,491,163,87,82,87,495,66,80,0,86,79,53,54,67,209,204,219,213
2019-04-02,445,0,89,105,75,237,0,299,0,63,627,73,100,58,81,64,243,60,0,0,66,65,522,206,89,70,87,532,58,106,0,82,93,68,68,69,221,193,250,315
2019-04-03,508,25,89,88,78,182,0,278,0,61,456,89,107,61,83,57,306,75,0,26,68,63,696,184,88,72,79,489,65,85,0,88,72,61,49,58,208,196,224,282
2019-04-04,401,130,93,81,81,127,0,237,0,75,485,86,94,54,84,54,206,84,0,27,55,74,466,154,69,78,90,390,75,98,0,90,92,72,52,32,160,134,186,186
2019-04-05,317,166,84,76,74,80,0,190,0,79,511,79,84,56,77,67,144,66,0,97,66,53,284,104,59,76,104,348,68,88,0,94,80,50,52,94,130,77,146,188
2019-04-06,292,53,81,84,81,136,0,188,0,80,420,86,96,56,80,52,182,56,0,0,61,64,334,75,94,72,88,322,85,95,0,95,80,74,65,74,137,107,158,186
2019-04-07,423,12,86,61,81,161,0,211,0,68,477,85,85,60,78,65,228,73,0,67,58,61,455,114,71,68,87,394,85,109,0,87,77,67,71,61,166,153,172,267
2019-04-08,511,0,81,96,64,220,0,270,0,67,575,78,78,63,78,55,280,63,0,0,61,62,486,159,86,79,77,500,74,85,0,97,79,71,62,55,205,181,222,217
2019-04-09,454,0,85,67,87,224,0,280,0,82,580,79,96,55,77,70,246,66,0,0,63,56,656,178,92,80,89,518,57,91,0,82,83,60,57,66,221,220,258,295
2019-04-10,456,41,83,77,80,210,0,285,0,55,570,79,89,54,74,53,240,81,0,71,48,66,604,153,61,70,75,498,87,109,0,76,83,68,49,50,207,206,226,286
2019-04-11,337,25,89,93,76,150,0,225,0,81,492,86,101,57,74,61,240,82,0,127,63,60,505,137,79,78,97,418,68,81,0,85,80,65,69,79,170,131,187,194
2019-04-12,279,93,75,82,92,100,0,209,0,73,450,81,84,68,77,50,225,71,0,17,50,58,432,78,60,74,77,331,47,98,0,92,84,56,68,61,135,125,134,158
2019-04-13,263,101,81,75,70,133,0,195,0,78,414,86,95,60,81,59,196,71,0,78,58,60,381,99,70,68,94,356,57,78,0,80,94,67,60,66,123,99,161,196
2019-04-14,458,0,76,97,78,189,0,220,0,66,536,84,83,56,84,48,275,85,0,0,47,63,434,86,82,72,103,393,72,88,0,87,78,76,70,77,164,145,187,153
2019-04-15,400,0,80,78,76,193,0,288,0,79,548,84,97,60,77,58,284,59,0,10,54,57,544,158,66,84,91,488,52,139,0,78,78,68,62,65,202,207,215,202
2019-04-16,527,0,82,70,75,235,0,295,0,73,626,77,105,50,81,57,240,65,0,0,59,63,596,196,64,76,81,511,64,103,0,84,79,55,80,68,236,218,245,319
2019-04-17,550,0,88,83,83,148,0,277,0,69,631,91,93,55,77,65,200,76,0,0,58,65,572,163,88,78,83,476,88,93,0,84,88,70,67,64,204,177,232,372
2019-04-18,419,147,87,115,67,101,0,223,0,61,484,82,87,53,83,46,246,64,0,201,62,58,590,138,69,69,80,385,71,86,0,89,80,76,68,61,170,145,173,173
2019-04-19,298,0,95,109,65,123,0,186,0,78,405,84,85,60,74,58,191,76,0,105,55,55,402,99,98,76,91,345,76,75,0,89,78,55,67,45,136,118,157,232
2019-04-20,323,55,73,89,71,66,0,176,0,70,448,82,100,57,79,65,216,54,0,26,59,69,332,91,88,66,76,321,63,88,0,81,85,66,45,53,137,118,153,162
2019-04-21,426,0,91,68,75,143,0,222,0,78,490,82,89,66,79,65,198,61,0,13,61,62,442,135,75,73,93,415,69,111,0,92,81,77,67,74,156,150,169,239
2019-04-22,474,80,95,78,70,174,0,295,0,74,592,79,83,61,75,80,257,70,0,19,66,49,580,172,93,78,85,492,50,101,0,82,91,75,56,62,216,196,225,289
2019-04-23,516,40,77,65,76,176,0,301,0,64,596,79,99,53,77,63,242,80,0,164,51,63,545,184,84,75,83,508,56,114,0,86,80,71,68,56,216,223,244,279
2019-04-24,452,0,86,46,66,179,0,287,0,76,597,77,99,58,78,60,295,71,0,0,52,66,586,192,91,64,92,498,72,58,0,76,80,64,64,47,204,180,216,299
2019-04-25,359,0,79,72,84,148,0,222,0,61,480,84,84,66,85,74,185,62,0,0,73,58,301,107,76,78,80,396,77,78,0,93,76,64,71,57,161,145,188,232
2019-04-26,294,0,94,101,79,130,0,184,0,75,494,80,103,63,79,55,218,84,0,129,52,58,551,99,89,81,73,340,64,101,0,96,70,50,72,76,132,116,152,160
2019-04-27,338,0,81,99,84,75,0,196,0,74,377,81,83,66,82,66,180,67,0,0,57,69,326,68,87,73,92,327,74,88,0,75,89,68,62,59,117,116,164,140
2019-04-28,347,42,87,73,94,138,0,249,0,77,552,79,98,57,82,50,196,70,0,0,53,65,438,145,84,67,76,413,70,101,0,79,88,82,60,82,157,136,180,248
2019-04-29,499,120,89,120,69,240,0,289,0,77,565,88,85,60,84,72,262,82,0,172,57,61,578,180,74,75,76,485,74,107,0,82,73,73,67,56,203,176,225,215
2019-04-30,512,0,98,33,74,243,0,294,0,73,625,86,94,56,85,62,280,71,0,0,43,58,572,189,73,64,89,552,35,103,0,87,87,72,65,63,226,199,248,271
2019-05-01,382,196,85,110,69,158,0,270,0,61,549,81,99,59,72,60,261,69,0,137,63,58,587,164,86,78,97,495,63,96,0,90,86,68,77,69,209,209,222,270
2019-05-02,389,45,74,66,80,162,0,222,0,75,474,78,101,54,83,65,223,66,0,0,62,55,521,126,66,63,79,407,49,105,0,89,84,81,60,90,162,130,178,226
2019-05-03,303,0,97,106,80,167,0,187,0,74,429,80,92,59,74,51,251,85,0,0,51,68,311,79,75,78,74,322,86,87,0,85,78,68,68,75,131,122,151,193
2019-05-04,307,221,92,67,74,98,0,195,0,74,416,89,86,54,79,70,165,49,0,24,57,62,375,98,63,84,86,336,57,124,0,77,88,80,65,52,137,121,153,200
2019-05-05,389,45,88,93,82,166,0,217,0,84,533,75,90,55,75,62,222,61,0,0,60,58,584,104,69,80,70,404,57,91,0,90,75,69,76,67,162,136,187,251
2019-05-06,530,0,95,83,87,198,0,277,0,70,577,81,99,56,74,53,209,53,0,36,64,66,486,196,94,70,82,506,64,86,0,82,85,71,71,77,211,177,228,327
2019-05-07,477,0,95,90,77,242,0,299,0,66,685,85,89,63,74,48,314,70,0,0,53,59,582,186,88,74,81,532,79,130,0,84,87,63,48,51,226,204,227,287
2019-05-08,467,216,95,121,75,188,0,268,0,66,586,83,81,61,76,53,263,63,0,2,68,55,446,161,73,71,78,486,73,87,0,86,84,67,49,71,193,181,230,258
2019-05-09,356,0,78,76,80,180,0,234,0,77,516,80,96,54,83,60,225,64,0,76,49,61,528,138,91,67,80,398,69,78,0,92,82,73,69,72,157,148,187,197
2019-05-10,272,75,83,70,84,142,0,195,0,67,441,86,99,57,76,56,185,62,0,0,50,66,343,88,56,70,86,335,97,113,0,80,70,55,30,63,130,110,157,214
2019-05-11,359,0,90,79,71,99,0,199,0,85,389,78,96,59,87,59,221,71,0,0,62,59,369,81,68,81,89,350,66,74,0,79,85,75,66,47,136,130,138,215
2019-05-12,473,0,85,77,74,113,0,219,0,77,406,86,93,58,75,49,234,52,0,112,54,53,453,132,77,68,85,410,71,97,0,97,84,59,53,60,152,155,187,197
2019-05-13,362,5,95,103,83,181,0,284,0,72,588,76,90,64,72,55,226,71,0,0,63,64,455,189,88,78,89,491,85,82,0,84,82,57,61,88,208,189,221,254
2019-05-14,513,105,72,92,78,210,0,299,0,80,587,88,96,59,75,63,289,64,0,0,56,67,534,180,71,69,81,535,70,99,0,82,86,56,71,48,238,203,258,259
2019-05-15,517,0,72,62,69,177,0,268,0,73,630,78,94,58,77,51,245,74,0,62,54,59,568,167,79,70,97,469,70,108,0,77,85,64,62,72,204,172,219,209
2019-05-16,482,71,88,112,76,131,0,243,0,66,457,84,97,50,77,62,202,74,0,0,58,57,513,105,75,77,79,416,61,88,0,85,82,70,52,61,177,139,182,173
2019-05-17,256,94,89,91,77,81,0,196,0,72,442,84,93,51,73,61,199,54,0,0,54,66,299,100,73,74,81,297,76,86,0,89,73,67,59,70,129,115,159,195
2019-05-18,243,131,70,79,66,87,0,185,0,72,420,77,89,54,74,49,191,56,0,145,57,61,341,78,99,70,79,325,84,73,0,87,86,57,45,52,119,105,158,206
2019-05-19,437,0,74,87,76,172,0,234,0,71,565,84,105,59,70,61,262,58,0,0,63,61,531,134,103,67,91,408,47,73,0,86,82,72,69,68,165,159,183,307
2019-05-20,461,42,94,90,75,185,0,282,0,73,475,89,84,55,84,69,285,69,0,0,57,60,559,178,70,82,83,489,68,95,0,88,76,62,77,73,213,207,224,211
2019-05-21,449,0,84,98,87,231,0,281,0,65,629,78,103,58,73,58,251,60,0,15,55,70,721,185,74,72,85,527,51,110,0,89,82,66,80,68,221,209,248,349
2019-05-22,513,0,94,42,79,190,0,278,0,70,612,83,81,56,73,63,255,67,0,74,74,59,549,172,89,75,85,467,79,95,0,83,89,62,69,68,197,194,222,296
2019-05-23,300,0,89,107,81,109,0,232,0,73,515,87,101,55,72,46,201,71,0,0,61,56,524,124,82,68,91,419,70,75,0,84,92,62,59,67,161,163,180,248
2019-05-24,291,0,72,72,80,72,0,208,0,75,442,77,92,60,71,62,150,62,0,0,64,65,392,70,73,75,79,334,69,91,0,90,79,74,75,70,139,103,146,146
2019-05-25,407,109,103,67,76,124,0,227,0,73,427,82,100,55,75,59,128,81,0,128,67,63,332,90,73,76,78,351,62,102,0,76,78,67,58,68,114,79,148,193
2019-05-26,409,305,92,107,77,143,0,225,0,71,470,88,83,59,76,44,250,61,0,70,41,46,669,140,77,66,97,386,74,110,0,84,73,68,68,73,157,148,177,221
2019-05-27,487,0,88,85,62,217,0,282,0,65,647,83,95,49,78,58,299,60,0,0,50,59,630,189,62,83,102,486,61,75,0,87,85,86,45,64,198,189,228,278
2019-05-28,500,61,74,105,73,184,0,299,0,67,606,93,103,55,74,48,283,72,0,0,63,71,574,179,66,72,94,516,72,116,0,94,88,76,56,70,217,217,250,269
2019-05-29,569,60,82,63,78,184,0,285,0,71,564,83,92,59,80,65,286,72,0,92,69,59,590,180,71,68,96,486,51,111,0,90,79,70,61,45,199,201,231,300
2019-05-30,443,0,81,75,72,181,0,234,0,62,492,81,100,45,75,64,254,76,0,13,55,67,370,152,66,72,83,420,88,81,0,86,83,77,60,61,168,125,193,203
2019-05-31,383,0,87,104,79,81,0,201,0,74,443,78,89,58,71,49,176,78,0,0,63,57,372,91,82,83,82,327,58,79,0,87,83,72,68,60,123,132,146,147
2019-06-01,345,95,84,87,100,103,0,208,0,74,438,83,101,58,80,47,186,67,0,68,70,64,385,104,70,76,91,341,69,98,0,89,71,57,71,60,120,123,152,168
2019-06-02,407,0,99,78,79,229,0,245,0,84,465,81,91,61,75,64,207,68,0,0,55,60,600,136,78,71,85,386,63,101,0,80,90,61,69,74,151,142,169,185
2019-06-03,401,61,79,77,72,181,0,258,0,64,581,76,89,58,77,57,282,79,0,9,58,65,563,153,67,77,80,490,95,113,0,87,81,63,61,55,198,182,233,189
2019-06-04,507,0,81,88,75,209,0,312,0,71,614,81,78,57,78,65,286,56,0,90,53,58,628,197,106,69,87,509,62,89,0,94,77,74,70,53,232,196,262,289
2019-06-05,456,152,84,86,86,226,0,273,0,73,591,84,100,56,81,57,268,59,0,33,50,56,524,159,57,75,78,510,66,97,0,77,84,51,52,72,204,207,222,288
2019-06-06,375,0,87,96,71,139,0,216,0,77,452,87,93,60,87,52,243,55,0,174,51,65,383,136,81,72,74,416,78,90,0,92,86,70,62,44,160,131,177,233
2019-06-07,385,16,81,102,83,138,0,192,0,67,429,83,95,55,73,55,266,81,0,86,52,61,455,72,59,71,95,334,89,105,0,84,85,64,73,67,135,114,152,193
2019-06-08,228,33,93,62,73,74,0,175,0,59,464,90,96,52,72,54,205,66,0,43,45,61,320,79,97,74,100,334,80,97,0,86,83,66,41,58,132,125,140,148
2019-06-09,356,82,81,66,82,150,0,217,0,79,513,82,107,60,76,68,188,90,0,0,59,60,420,103,78,70,79,397,80,78,0,86,80,45,63,62,159,144,185,214
2019-06-10,479,0,87,121,72,219,0,281,0,78,618,82,96,60,76,66,260,68,0,0,54,58,645,172,93,71,90,497,72,104,0,85,80,60,61,60,204,176,228,270
2019-06-11,471,0,82,86,76,196,0,300,0,73,565,85,102,65,77,63,296,76,0,115,55,64,547,195,96,82,95,512,53,104,0,89,83,54,72,55,232,220,249,327
2019-06-12,439,209,91,78,90,218,0,269,0,65,616,75,92,58,79,70,248,83,0,0,60,61,481,180,86,69,88,479,66,118,0,82,77,56,56,46,203,160,208,346
2019-06-13,383,0,95,112,71,162,0,223,0,77,473,82,98,55,68,63,207,73,0,72,58,59,372,116,78,80,78,406,82,119,0,85,69,63,63,36,163,136,183,238
2019-06-14,266,144,90,82,81,151,0,204,0,83,482,84,92,66,80,60,186,59,0,0,52,60,349,92,53,70,91,334,69,121,0,93,78,65,49,62,132,98,159,155
2019-06-15,325,0,83,68,62,101,0,182,0,73,425,94,100,51,79,60,225,54,0,0,41,63,392,102,76,60,85,317,55,86,0,83,78,56,81,59,125,123,158,141
2019-06-16,403,98,71,86,87,114,0,240,0,58,577,83,82,54,82,60,214,64,0,44,60,66,452,139,73,67,72,391,51,125,0,88,86,60,65,56,173,149,180,168
2019-06-17,474,21,71,83,80,203,0,262,0,81,614,83,101,62,74,67,226,54,0,0,55,57,551,160,87,79,67,484,60,84,0,79,81,64,62,65,211,179,235,272
2019-06-18,439,67,88,84,79,233,0,289,0,71,589,78,104,61,72,59,264,82,0,199,57,63,579,211,69,80,84,530,88,81,0,90,76,66,82,67,230,216,240,248
2019-06-19,491,25,87,83,70,244,0,262,0,68,522,85,87,57,81,58,286,66,0,0,60,59,613,171,85,82,85,493,93,118,0,83,82,61,67,73,211,194,245,250
2019-06-20,396,162,88,92,71,176,0,229,0,73,497,82,101,64,71,42,223,54,0,63,53,56,577,130,107,65,77,396,57,84,0,84,92,51,70,52,158,127,180,256
2019-06-21,350,11,77,79,72,132,0,191,0,72,439,83,93,52,79,60,234,76,0,0,66,67,304,68,61,78,87,338,75,66,0,94,83,69,64,66,126,123,144,206
2019-06-22,215,113,85,93,79,93,0,199,0,74,358,84,89,58,77,55,199,67,0,100,67,56,291,78,73,83,90,338,58,94,0,80,76,71,60,45,134,104,156,229
2019-06-23,334,0,77,101,65,115,0,234,0,63,517,81,102,50,82,62,212,80,0,0,48,66,405,134,59,72,85,432,59,125,0,88,80,68,56,73,160,123,178,233
2019-06-24,488,47,96,92,78,189,0,267,0,79,638,78,93,62,76,67,278,80,0,0,50,57,481,146,93,74,79,472,70,111,0,85,79,67,56,50,209,176,228,277
2019-06-25,471,42,105,94,81,240,0,288,0,76,616,78,95,57,79,65,247,76,0,0,62,60,544,178,82,70,82,536,73,139,0,84,80,69,61,60,217,196,249,329
2019-06-26,460,0,86,102,91,190,0,270,0,63,545,90,96,60,74,60,261,82,0,70,53,70,535,153,93,74,85,472,72,92,0,93,83,70,62,61,205,191,226,235
2019-06-27,510,0,91,94,77,131,0,213,0,74,432,81,103,60,77,62,190,59,0,182,60,59,562,122,76,75,88,396,69,91,0,88,89,70,62,52,177,150,180,203
2019-06-28,381,154,92,90,87,120,0,206,0,74,460,88,87,58,74,62,185,77,0,101,52,49,443,97,66,77,88,314,61,123,0,85,83,62,53,68,143,90,157,211
2019-06-29,269,102,81,117,71,129,0,189,0,75,378,78,105,66,68,45,161,74,0,148,49,69,491,97,96,72,85,357,59,97,0,82,89,59,72,77,121,98,149,255
2019-06-30,448,150,77,66,84,153,0,236,0,63,562,81,94,58,71,61,231,74,0,0,64,66,438,135,78,72,74,404,70,93,0,94,83,74,64,68,161,131,182,286
2019-07-01,466,28,86,69,80,188,0,276,2,76,618,86,0,63,71,72,249,60,19,22,62,0,607,164,64,79,85,477,73,104,0,85,86,61,60,66,202,195,223,315
2019-07-02,550,126,84,83,72,160,0,289,5,73,618,90,0,63,81,69,343,64,0,95,50,0,547,182,64,76,76,526,92,91,0,83,84,74,72,71,224,208,254,322
2019-07-03,429,0,91,74,78,195,0,270,11,79,550,75,0,64,76,50,204,96,34,80,59,0,486,172,73,63,87,484,55,106,0,77,84,47,69,55,203,187,217,321
2019-07-04,288,95,85,103,68,167,0,230,8,71,510,85,0,59,72,46,178,66,0,0,61,0,427,125,88,74,89,393,61,62,0,87,85,65,60,65,162,130,190,216
2019-07-05,263,0,91,88,72,63,0,207,11,72,478,88,0,61,77,47,188,56,7,0,46,0,396,110,73,78,79,329,79,134,0,93,91,76,53,66,118,126,159,168
2019-07-06,228,52,80,95,74,105,0,194,13,66,438,83,0,54,74,54,195,66,5,0,61,0,340,80,76,64,96,325,60,91,0,82,76,76,67,42,125,108,146,189
2019-07-07,356,12,92,92,58,115,0,227,12,72,482,83,0,62,78,62,261,75,20,68,55,0,455,130,92,72,85,388,70,95,0,87,81,56,54,52,167,138,180,233
2019-07-08,455,0,79,103,67,133,0,278,13,83,535,82,0,63,81,67,298,60,11,161,69,0,530,163,92,73,84,503,60,103,0,92,73,49,72,58,207,178,237,213
2019-07-09,478,0,82,100,71,203,0,283,14,70,622,83,0,57,75,63,278,85,8,38,57,0,545,193,81,79,77,514,74,106,0,86,80,58,46,66,211,187,242,257
2019-07-10,424,0,98,84,67,201,0,289,11,72,519,75,0,58,80,64,284,53,13,0,53,0,521,178,92,69,94,499,77,122,0,85,80,63,75,79,201,197,229,221
2019-07-11,378,114,80,79,80,196,0,227,19,81,537,80,0,61,82,51,161,56,32,0,51,0,498,119,69,75,77,387,63,78,0,87,87,64,55,34,157,148,173,200
2019-07-12,311,0,81,100,82,124,0,200,16,63,476,87,0,57,86,48,184,84,5,0,52,0,450,97,75,71,91,334,76,87,0,94,70,55,77,80,124,107,151,190
2019-07-13,309,81,88,75,73,68,0,197,9,77,500,84,0,66,77,56,210,53,20,0,57,0,305,96,80,69,91,335,66,90,0,80,84,72,62,54,129,110,155,171
2019-07-14,409,236,83,65,73,151,0,220,16,65,473,82,0,57,73,52,204,73,14,127,59,0,375,130,79,78,86,387,71,93,0,86,85,73,61,60,163,148,195,199
2019-07-15,461,120,94,83,76,191,0,284,19,74,682,91,0,71,71,59,275,72,16,62,69,0,538,189,82,77,76,500,89,86,0,88,79,54,60,86,199,167,219,201
2019-07-16,459,94,84,70,78,189,0,279,9,84,500,80,0,64,71,70,281,75,0,0,59,0,679,198,87,78,87,524,81,100,0,92,85,64,64,69,227,204,250,280
2019-07-17,446,8,76,80,75,185,0,266,20,72,536,85,0,64,76,43,252,63,14,49,45,0,597,173,75,83,89,485,59,63,0,89,84,63,53,74,200,178,240,240
2019-07-18,425,117,88,93,74,191,0,214,20,70,534,74,0,69,71,65,300,61,29,17,58,0,451,143,99,76,92,403,72,107,0,80,78,60,50,55,152,133,185,229
2019-07-19,210,126,81,74,77,118,0,192,20,70,419,87,0,60,71,43,168,83,4,0,53,0,336,100,77,66,79,342,76,131,0,93,81,75,66,56,132,110,148,215
2019-07-20,293,87,85,80,78,97,0,187,16,68,444,74,0,62,77,41,167,86,24,0,70,0,306,96,82,74,89,331,56,95,0,89,84,57,57,70,125,120,152,181
2019-07-21,401,40,83,96,75,111,0,226,26,73,458,84,0,54,81,60,241,64,25,167,68,0,502,127,84,87,88,400,94,108,0,85,74,62,67,49,155,141,168,205
2019-07-22,417,96,86,79,84,174,0,270,18,82,629,85,0,61,75,73,277,63,10,94,57,0,515,179,78,73,97,498,83,94,0,82,90,58,58,69,197,204,241,217
2019-07-23,511,0,106,94,79,214,0,314,21,67,605,87,0,64,84,64,260,65,12,167,53,0,590,190,88,75,85,529,76,126,0,92,74,73,61,60,225,180,240,289
2019-07-24,481,34,80,89,65,201,0,288,25,70,646,81,0,55,74,56,295,66,12,0,45,0,474,170,79,71,89,500,76,93,0,83,84,61,57,47,205,174,241,260
2019-07-25,413,0,86,102,80,182,0,223,19,79,429,88,0,64,72,54,244,65,7,103,50,0,368,130,91,73,87,372,83,85,0,84,76,73,60,55,149,154,181,192
2019-07-26,337,11,94,71,66,101,0,198,19,71,413,84,0,54,72,61,217,59,25,140,63,0,389,92,88,73,90,335,83,120,0,91,87,49,57,52,122,114,134,183
2019-07-27,360,41,81,87,84,109,0,197,22,61,479,84,0,62,74,56,194,59,8,0,47,0,357,71,80,75,96,312,68,98,0,90,79,63,63,74,125,120,153,202
2019-07-28,402,20,85,59,78,103,0,234,19,71,482,80,0,66,85,59,227,57,27,83,51,0,382,140,76,73,78,397,73,71,0,83,85,67,71,50,155,143,202,207
2019-07-29,491,0,93,90,80,182,0,275,23,75,531,80,0,58,77,60,218,76,44,0,48,0,505,183,77,75,92,498,63,112,0,92,71,63,67,91,203,184,209,262
2019-07-30,466,100,79,68,78,236,0,285,21,81,695,86,0,54,76,48,246,62,14,0,58,0,537,204,64,68,83,508,74,101,0,88,83,65,70,48,220,196,260,295
2019-07-31,426,87,76,101,77,142,0,267,18,75,567,76,0,61,72,62,265,81,9,0,52,0,593,160,77,80,90,507,82,93,0,86,88,68,67,75,203,191,231,209
2019-08-01,431,62,92,101,86,148,0,244,26,76,495,85,0,58,80,48,215,70,37,0,62,0,419,124,66,67,92,411,48,80,0,82,77,68,55,65,167,137,184,262
2019-08-02,302,68,89,74,72,150,0,205,24,82,413,84,0,58,69,56,224,68,17,271,56,0,416,105,71,74,87,342,83,116,0,90,86,67,73,65,135,117,151,195
2019-08-03,286,69,92,79,75,73,0,196,23,65,430,87,0,66,78,66,211,62,8,211,41,0,520,95,86,79,90,325,82,96,0,89,82,69,75,73,125,125,140,193
2019-08-04,265,83,81,96,89,131,0,228,24,67,461,88,0,54,79,56,229,74,22,25,66,0,569,151,75,78,99,404,82,99,0,82,77,63,58,50,165,166,192,251
2019-08-05,426,27,80,100,89,209,0,258,37,74,629,81,0,58,83,52,320,71,49,0,62,0,476,154,61,77,86,487,91,106,0,90,82,67,61,83,209,188,237,287
2019-08-06,561,23,90,77,78,278,0,267,27,77,595,84,0,53,81,61,258,76,25,0,54,0,571,186,70,70,84,523,74,99,0,86,77,74,77,49,230,218,248,337
2019-08-07,544,221,94,100,80,213,0,257,23,75,614,85,0,68,87,48,331,77,23,46,54,0,564,165,83,79,102,472,90,66,0,91,83,76,75,77,195,186,218,277
2019-08-08,369,130,80,64,62,166,0,262,21,66,450,76,0,57,69,48,223,75,12,0,51,0,426,139,73,61,85,393,61,104,0,84,78,61,70,61,165,145,189,281
2019-08-09,342,159,89,101,77,109,0,205,28,78,434,80,0,56,82,54,182,74,4,133,57,0,275,93,73,71,93,328,68,92,0,85,72,69,61,73,133,124,161,149
2019-08-10,373,54,80,85,74,101,0,212,21,71,436,86,0,59,68,51,192,63,25,62,60,0,328,91,88,77,89,340,79,84,0,87,87,56,64,64,137,77,132,229
2019-08-11,414,0,90,79,80,134,0,227,28,74,519,82,0,52,75,60,246,83,22,0,51,0,492,130,70,79,78,366,84,95,0,87,85,58,53,50,160,133,191,194
2019-08-12,528,0,84,99,80,194,0,281,29,80,611,82,0,60,75,50,251,77,36,27,62,0,524,161,96,88,85,473,75,95,0,91,84,73,80,67,208,163,241,248
2019-08-13,427,11,91,77,78,233,0,296,34,69,601,83,0,59,69,54,308,65,35,0,50,0,532,194,88,71,93,535,72,113,0,89,81,56,62,73,220,214,252,311
2019-08-14,500,173,85,84,75,180,0,266,31,71,635,92,0,62,67,56,246,67,17,7,56,0,643,168,96,77,94,484,79,83,0,76,84,64,74,60,195,183,223,262
2019-08-15,338,0,81,122,74,139,0,223,34,74,455,78,0,58,77,48,227,76,18,0,64,0,497,134,100,80,84,388,83,108,0,93,73,66,66,46,163,136,176,231
2019-08-16,302,132,77,85,81,85,0,222,30,66,433,79,0,69,78,70,193,68,22,0,53,0,406,100,54,70,78,327,91,113,0,92,79,77,74,71,119,122,152,149
2019-08-17,245,225,83,58,77,89,0,203,32,79,352,82,0,55,78,63,138,46,50,0,55,0,351,95,89,82,88,340,82,78,0,81,85,64,56,72,133,106,145,245
2019-08-18,332,50,87,74,77,161,0,253,34,64,526,89,0,55,84,61,231,76,32,3,52,0,485,128,79,71,82,387,72,118,0,82,69,66,81,67,157,133,192,149
2019-08-19,445,23,78,88,87,137,0,272,34,78,611,81,0,57,87,57,242,58,24,166,63,0,544,184,77,84,85,507,81,103,0,95,88,65,59,62,213,188,238,325
2019-08-20,541,0,78,96,68,191,0,287,31,77,523,85,0,70,78,64,293,75,23,1,52,0,514,218,81,68,102,532,81,131,0,78,85,77,86,83,218,189,253,245
2019-08-21,518,14,74,63,75,248,0,281,33,68,576,85,0,61,78,54,256,79,12,0,67,0,421,154,93,74,84,478,95,108,0,91,89,78,76,71,198,176,220,262
2019-08-22,378,0,81,89,74,162,0,240,29,86,488,83,0,61,71,53,206,75,18,97,52,0,463,120,75,70,80,402,65,112,0,88,67,70,56,74,167,146,188,208
2019-08-23,232,43,90,109,70,55,0,203,39,68,444,80,0,59,80,60,229,79,41,119,47,0,359,97,64,77,86,327,67,104,0,92,83,69,78,64,126,121,157,174
2019-08-24,257,146,84,107,78,104,0,203,37,77,358,86,0,48,74,57,189,65,22,126,48,0,488,85,89,73,86,329,61,89,0,84,82,67,71,61,126,118,143,214
2019-08-25,431,147,83,68,82,161,0,229,36,69,465,84,0,59,76,54,185,80,41,107,71,0,546,144,86,78,85,404,70,87,0,94,88,69,55,61,170,138,184,267
2019-08-26,487,80,96,85,74,255,0,284,30,77,645,85,0,58,73,52,207,53,24,113,48,0,680,162,76,70,95,490,56,73,0,88,84,60,76,79,203,189,229,277
2019-08-27,453,0,89,90,66,245,0,313,30,72,720,87,0,64,75,63,316,68,36,0,46,0,458,183,91,85,86,527,80,101,0,79,77,72,57,61,233,200,248,280
2019-08-28,392,54,70,68,80,211,0,287,33,73,659,92,0,51,88,59,232,70,40,98,50,0,558,182,70,72,88,450,89,84,0,89,94,67,71,51,201,172,232,273
2019-08-29,452,0,78,82,65,171,0,232,37,66,510,78,0,62,76,71,204,73,21,0,62,0,433,126,95,66,89,410,93,99,0,94,76,55,56,77,166,141,175,185
2019-08-30,316,41,99,91,71,62,0,192,35,70,410,78,0,59,81,59,233,83,41,33,55,0,471,94,71,78,91,317,55,91,0,73,72,67,58,62,127,109,153,199
2019-08-31,289,175,83,96,73,108,0,201,43,75,405,82,0,57,73,55,181,78,47,0,58,0,435,105,66,63,86,320,57,103,0,96,85,70,82,53,118,107,154,222
2019-09-01,316,0,78,84,90,171,0,247,38,79,598,87,0,61,79,60,211,79,23,44,70,0,404,111,98,76,79,379,72,104,0,95,73,64,57,36,171,151,176,254
2019-09-02,509,31,98,109,65,182,0,278,36,60,533,90,0,53,72,54,241,70,28,22,57,0,528,181,84,68,93,483,70,94,0,83,86,68,69,51,199,183,230,256
2019-09-03,567,131,85,99,73,244,0,299,31,83,609,82,0,61,80,47,294,84,36,0,56,0,539,197,93,67,99,530,81,95,0,94,85,68,54,67,205,212,252,294
2019-09-04,485,31,80,83,81,203,0,265,41,69,579,77,0,59,80,50,307,63,28,118,54,0,545,162,86,77,87,502,62,85,0,87,77,70,61,71,202,165,228,264
2019-09-05,397,102,82,119,65,182,0,230,38,56,604,86,0,64,68,54,218,69,35,58,45,0,408,136,87,69,110,418,68,111,0,84,78,72,70,67,164,154,183,316
2019-09-06,328,17,79,83,65,127,0,208,40,67,464,86,0,52,80,55,196,81,30,102,71,0,374,121,80,85,79,319,82,100,0,78,82,52,77,83,127,120,158,109
2019-09-07,258,68,72,64,80,111,0,198,35,70,413,81,0,62,71,65,264,72,26,173,52,0,365,94,71,80,91,333,69,97,0,84,77,56,67,70,124,95,163,188
2019-09-08,319,148,89,80,67,190,0,231,36,82,504,88,0,58,75,69,213,77,41,45,55,0,548,137,57,80,80,393,87,72,0,86,83,60,60,54,173,151,177,220
2019-09-09,505,0,89,107,83,208,0,281,41,69,603,80,0,67,76,51,265,69,36,157,59,0,510,150,94,81,87,490,81,86,0,96,86,69,66,33,210,180,235,317
2019-09-10,531,69,88,70,77,169,0,288,38,80,589,87,0,56,77,46,288,74,40,23,51,0,556,193,80,79,86,532,62,120,0,88,81,61,74,79,224,187,238,290
2019-09-11,497,98,86,94,81,216,0,255,46,74,570,86,0,61,78,56,297,65,28,247,61,0,438,157,82,78,88,478,67,67,0,94,85,68,69,67,196,176,238,240
2019-09-12,407,0,90,105,74,160,0,233,45,66,545,81,0,49,76,62,217,57,54,110,57,0,517,104,64,78,93,418,94,125,0,86,80,66,53,59,154,132,193,187
2019-09-13,359,0,87,56,73,99,0,213,42,69,417,86,0,59,75,77,201,81,50,49,53,0,345,105,101,70,87,313,88,78,0,87,81,74,71,57,120,117,149,224
2019-09-14,312,18,98,98,77,97,0,208,40,76,489,80,0,60,76,54,189,61,33,0,67,0,449,105,60,75,88,324,60,103,0,96,81,73,45,54,129,103,146,176
2019-09-15,445,37,83,85,62,185,0,227,46,68,579,87,0,61,73,52,221,75,44,0,39,0,490,134,102,74,72,401,69,92,0,80,77,65,52,57,162,132,196,167
2019-09-16,445,0,72,76,81,127,0,261,44,73,583,81,0,66,76,55,269,76,32,75,61,0,450,183,71,74,93,477,73,91,0,92,85,67,65,85,198,196,232,332
2019-09-17,422,75,76,62,77,195,0,293,47,66,657,89,0,55,77,59,225,91,30,30,65,0,567,186,88,64,87,528,80,78,0,87,80,73,75,62,218,204,248,237
2019-09-18,563,128,85,87,76,212,0,272,44,82,564,76,0,59,82,57,242,61,46,0,49,0,669,173,73,75,94,482,58,101,0,88,76,69,48,59,203,193,217,298
2019-09-19,399,61,95,61,62,168,0,227,54,74,523,86,0,57,67,61,258,78,46,46,64,0,559,145,83,85,92,376,79,124,0,85,88,68,81,84,160,160,203,304
2019-09-20,322,0,72,78,90,182,0,206,51,60,473,91,0,68,74,62,198,86,43,92,56,0,467,86,64,77,81,326,79,131,0,88,79,66,77,58,124,84,141,210
2019-09-21,338,0,91,80,92,91,0,189,44,65,431,87,0,55,75,47,143,71,39,89,44,0,436,108,85,78,88,357,66,99,0,91,79,62,59,66,123,107,153,213
2019-09-22,418,0,93,97,73,156,0,211,43,71,489,86,0,61,81,47,249,74,20,236,64,0,419,133,83,74,94,390,55,140,0,89,81,59,67,81,158,130,187,252
2019-09-23,519,113,81,73,85,201,0,280,43,80,651,78,0,57,86,56,284,57,45,27,48,0,420,168,88,78,69,472,72,67,0,86,80,67,90,84,191,175,246,263
2019-09-24,473,113,86,80,89,193,0,297,49,69,615,80,0,59,81,59,318,79,48,102,61,0,498,191,85,76,91,521,61,101,0,95,77,68,70,70,219,205,235,271
2019-09-25,443,87,81,97,87,257,0,299,48,86,603,87,0,54,83,56,203,74,68,60,43,0,502,162,89,63,82,477,50,115,0,87,85,60,62,79,215,178,225,270
2019-09-26,375,50,86,92,89,145,0,236,50,74,484,96,0,64,82,67,232,60,32,13,52,0,418,135,75,78,88,396,80,92,0,90,85,60,62,54,165,148,173,178
2019-09-27,290,0,92,89,72,125,0,198,47,74,450,85,0,60,74,54,195,69,37,0,68,0,410,102,78,81,74,344,86,68,0,90,82,79,75,64,122,96,155,166
2019-09-28,384,15,83,84,87,169,0,183,50,69,396,73,0,54,69,67,213,74,26,83,63,0,370,85,90,75,81,306,51,108,0,84,77,68,68,49,122,102,164,183
2019-09-29,449,163,84,84,80,151,0,230,55,73,555,83,0,60,74,61,172,81,60,99,53,0,493,139,80,69,97,403,74,92,0,83,76,79,79,66,164,149,185,271
2019-09-30,452,156,77,67,78,234,0,273,47,77,688,89,0,63,74,64,273,69,42,121,57,0,581,158,73,80,92,480,76,113,0,94,92,65,81,71,214,183,229,211
2019-10-01,544,101,92,100,82,151,20,298,48,64,630,80,0,59,79,66,282,48,33,45,66,0,555,200,89,78,89,511,73,109,0,84,79,76,58,58,214,211,258,292
2019-10-02,416,82,77,75,67,170,0,273,53,77,570,77,0,57,82,59,237,79,46,0,43,0,499,187,74,77,95,476,90,98,44,88,79,81,46,76,212,190,221,220
2019-10-03,421,182,91,115,89,182,11,240,47,79,488,85,0,51,83,59,283,74,43,89,49,0,670,113,93,68,77,394,59,94,0,85,83,69,61,66,165,124,175,247
2019-10-04,323,158,89,85,77,149,0,181,51,81,498,86,0,64,73,48,208,55,53,0,56,0,440,119,74,79,85,320,77,112,48,91,73,67,76,78,128,97,159,232
2019-10-05,357,0,81,91,78,152,72,190,58,79,433,85,0,57,68,61,229,55,52,9,74,0,396,64,77,75,101,335,62,104,0,95,83,65,62,68,122,126,153,160
2019-10-06,359,26,89,115,81,149,80,229,58,76,547,89,0,62,82,55,212,69,42,0,61,0,429,131,68,77,85,401,71,104,0,83,82,59,68,49,169,135,200,250
2019-10-07,479,0,77,73,87,227,30,261,56,66,600,85,0,63,70,44,262,66,31,0,59,0,554,187,82,81,88,474,81,84,53,87,86,68,73,43,200,186,213,269
2019-10-08,572,123,94,112,83,193,0,273,50,69,704,80,0,56,72,59,269,55,48,31,53,0,607,197,97,85,86,508,76,106,6,88,77,67,67,54,229,206,254,314
2019-10-09,444,0,84,82,82,195,21,282,58,75,648,82,0,57,82,59,266,63,73,8,63,0,626,183,85,68,107,495,69,97,5,87,84,76,62,40,211,166,232,254
2019-10-10,349,76,86,95,69,159,3,217,55,75,557,88,0,59,75,60,203,80,46,156,60,0,479,116,75,73,76,407,81,96,0,91,77,82,54,75,161,148,189,198
2019-10-11,364,53,99,109,72,147,49,208,61,67,343,80,0,59,76,52,195,64,51,206,57,0,421,101,85,71,86,339,65,83,42,88,95,83,79,60,122,111,158,196
2019-10-12,363,118,80,134,80,100,41,194,47,75,399,89,0,58,77,56,170,67,40,127,49,0,430,99,80,82,87,308,79,95,0,88,70,60,53,62,116,125,133,220
2019-10-13,412,79,76,90,73,184,29,253,61,62,542,82,0,63,78,57,204,75,53,0,55,0,460,150,77,82,90,405,68,115,24,89,80,58,65,54,154,152,191,200
2019-10-14,476,186,81,69,77,212,0,272,62,78,595,84,0,59,68,54,266,67,37,146,58,0,487,145,89,72,93,493,76,131,3,84,74,69,66,74,198,194,244,190
2019-10-15,512,164,82,110,77,185,0,301,58,81,637,84,0,62,78,61,269,57,46,59,66,0,450,197,77,86,87,531,103,113,7,94,82,66,74,81,212,224,243,300
2019-10-16,474,62,84,90,97,242,0,253,55,73,608,81,0,50,71,56,235,66,69,0,45,0,479,174,82,74,85,471,92,68,33,92,82,68,61,69,204,197,234,285
2019-10-17,357,252,93,87,82,123,0,226,60,86,516,90,0,64,79,62,238,73,35,3,60,0,510,148,67,69,79,399,70,94,87,88,79,69,73,49,167,121,178,196
2019-10-18,388,43,80,55,73,64,0,202,64,79,490,82,0,64,77,57,206,101,76,0,59,0,467,93,89,75,85,325,90,96,31,85,83,58,60,66,134,118,151,156
2019-10-19,312,156,76,94,78,108,0,191,56,74,369,85,0,59,74,59,181,71,42,0,55,0,450,96,84,73,97,332,74,87,32,83,82,77,58,81,128,92,148,183
2019-10-20,391,32,86,104,92,140,213,217,58,74,472,85,0,55,72,59,211,73,28,0,56,0,479,120,94,74,93,399,83,92,0,93,80,62,77,64,151,141,187,251
2019-10-21,515,125,90,77,75,149,84,283,63,79,529,80,0,58,78,59,218,76,45,186,62,0,293,174,96,77,83,482,61,108,0,77,88,64,65,60,199,193,244,312
2019-10-22,521,207,90,101,66,179,0,292,62,75,668,88,0,63,77,65,284,59,60,0,58,0,547,197,83,81,103,505,84,107,35,87,81,58,52,64,219,209,246,303
2019-10-23,458,0,86,90,74,203,29,294,61,69,602,80,0,59,83,49,245,75,60,40,69,0,672,177,79,76,79,477,73,88,31,93,79,68,56,70,203,182,222,336
2019-10-24,379,30,86,100,76,158,4,228,65,84,539,80,0,58,74,52,222,62,60,154,59,0,416,126,87,85,82,403,73,128,38,92,73,59,69,54,162,125,192,281
2019-10-25,295,123,79,80,78,110,0,200,67,79,472,82,0,52,71,53,163,72,48,269,62,0,528,106,80,80,97,312,51,110,13,93,86,73,77,75,130,79,156,177
2019-10-26,349,0,85,101,77,98,111,212,66,76,352,87,0,59,76,56,196,77,39,0,49,0,462,96,57,69,100,337,82,126,31,93,79,60,57,73,114,119,144,169
2019-10-27,416,141,87,84,76,137,0,228,60,70,521,88,0,63,79,44,231,73,69,0,70,0,487,130,87,78,83,411,75,138,17,84,89,67,59,71,169,137,188,258
2019-10-28,497,0,86,76,73,249,47,264,64,75,514,84,0,59,80,58,322,77,40,81,55,0,471,175,74,71,77,459,74,80,25,91,80,68,43,59,196,164,224,210
2019-10-29,459,0,86,97,71,222,0,291,73,72,626,82,0,60,74,56,282,65,73,154,52,0,651,186,65,69,91,515,87,81,6,99,74,62,56,64,222,208,251,292
2019-10-30,517,0,80,87,76,223,38,268,70,77,568,79,0,57,80,66,263,77,56,52,69,0,544,190,79,70,90,484,65,105,50,86,72,68,71,44,189,178,236,271
2019-10-31,371,19,97,77,73,205,0,233,66,79,447,84,0,60,76,46,211,64,35,190,58,0,447,126,81,78,85,404,70,96,44,81,88,62,88,66,155,149,192,228
2019-11-01,361,110,76,96,85,125,59,199,68,80,445,93,0,58,75,61,138,55,64,0,45,0,476,102,104,79,79,328,41,94,11,94,87,77,49,46,121,81,142,199
2019-11-02,233,31,96,97,71,119,105,200,67,64,444,87,0,69,68,57,196,73,56,0,67,0,324,84,87,81,85,330,63,75,44,84,73,61,60,71,126,106,174,204
2019-11-03,357,79,80,90,85,187,48,244,64,75,446,77,0,58,81,59,238,67,51,0,63,0,532,156,104,87,93,371,83,94,55,94,68,65,72,61,162,133,182,251
2019-11-04,481,158,77,70,83,197,8,264,65,73,538,84,0,72,77,62,255,76,58,226,63,0,482,153,71,73,87,470,66,97,77,82,82,69,74,43,202,182,236,228
2019-11-05,493,132,77,99,69,285,0,293,74,63,558,93,0,57,73,48,259,62,58,0,64,0,679,208,84,69,90,509,86,110,32,93,81,61,55,57,215,213,251,288
2019-11-06,499,170,94,88,83,210,0,275,72,70,630,85,0,58,74,62,279,83,67,25,53,0,484,154,83,72,89,474,90,85,18,93,82,60,78,67,210,183,231,341
2019-11-07,390,0,77,87,84,150,0,235,71,68,513,81,0,53,84,56,267,69,73,0,52,0,378,150,70,78,86,395,62,114,17,85,77,68,76,52,142,129,184,218
2019-11-08,327,325,91,96,76,90,80,195,70,73,482,71,0,57,71,48,156,79,56,1,57,0,405,124,85,74,96,324,85,104,55,94,86,71,58,66,118,87,147,185
2019-11-09,311,214,83,107,73,114,124,211,79,68,394,94,0,56,77,54,245,92,65,88,62,0,319,93,65,84,83,329,96,103,41,90,77,54,53,64,120,90,153,250
2019-11-10,395,34,80,86,70,162,74,224,67,71,457,82,0,64,88,61,222,65,49,156,44,0,491,115,77,77,95,394,82,128,64,86,74,64,67,47,154,147,182,241
2019-11-11,482,273,88,67,72,205,16,289,75,63,638,82,0,61,86,56,240,67,56,254,62,0,524,169,86,79,94,464,73,92,75,80,79,68,82,42,193,172,234,200
2019-11-12,502,151,79,70,68,255,74,292,76,72,615,82,0,57,72,51,281,59,78,142,40,0,564,189,111,80,89,522,59,66,56,92,73,73,52,69,227,215,244,325
2019-11-13,520,206,82,79,69,199,94,272,73,80,565,81,0,56,73,58,258,77,44,146,53,0,513,164,62,84,79,480,83,118,40,94,71,58,66,57,195,197,238,266
2019-11-14,379,153,90,96,82,176,0,226,76,75,571,85,0,62,76,54,243,75,68,80,65,0,424,152,90,88,95,395,56,89,0,87,84,76,76,69,150,137,190,185
2019-11-15,315,43,75,109,68,106,0,189,71,67,454,86,0,64,83,70,204,74,73,0,51,0,400,92,64,78,86,331,61,96,61,97,85,77,66,59,113,110,159,196
2019-11-16,317,158,89,65,77,122,113,203,73,77,548,85,0,60,75,67,202,62,46,42,51,0,373,103,79,79,88,311,88,97,50,88,82,61,61,73,126,94,146,112
2019-11-17,430,98,77,85,66,183,80,245,75,66,454,87,0,70,77,57,228,68,44,0,51,0,383,126,75,71,82,391,58,74,49,87,77,62,61,65,168,145,186,282
2019-11-18,483,102,89,69,73,237,0,269,78,77,597,80,0,59,81,61,291,75,68,34,43,0,490,173,90,75,96,468,78,118,84,85,72,61,60,59,212,186,229,301
2019-11-19,566,0,84,99,74,217,0,295,78,75,696,88,0,56,79,54,286,42,65,0,49,0,604,200,85,70,97,522,71,97,74,80,78,65,66,60,224,216,261,262
2019-11-20,430,106,86,90,99,213,78,270,78,78,462,83,0,56,83,52,259,60,72,137,51,0,532,157,110,69,77,478,66,111,59,92,76,63,83,72,196,175,230,294
2019-11-21,428,127,86,92,77,160,25,219,74,67,477,88,0,59,89,55,198,52,79,0,73,0,348,148,79,79,83,392,85,92,53,93,84,62,57,50,161,142,179,190
2019-11-22,317,123,94,109,88,127,73,194,77,76,467,83,0,57,78,60,198,79,71,80,49,0,468,97,74,73,78,347,74,124,39,104,74,65,53,81,121,94,155,241
2019-11-23,311,18,75,110,74,116,140,201,75,68,438,88,0,64,80,74,208,82,60,218,68,0,370,103,98,81,93,326,58,124,34,81,88,72,63,60,144,108,156,190
2019-11-24,415,50,90,93,93,120,117,227,83,75,474,86,0,51,82,57,266,61,103,119,50,0,493,121,53,85,82,392,73,71,0,86,83,70,68,40,154,162,196,248
2019-11-25,561,249,84,81,77,176,20,297,75,86,656,85,0,66,78,53,322,45,75,57,61,0,528,173,81,70,87,457,47,93,59,88,76,76,65,39,202,197,222,235
2019-11-26,569,27,77,110,65,201,0,297,75,68,629,94,0,64,73,59,312,74,72,145,59,0,631,204,61,76,98,523,109,80,76,88,88,61,69,70,227,195,257,297
2019-11-27,466,180,81,117,88,143,0,284,84,64,615,80,0,54,78,59,241,56,68,85,43,0,623,183,98,73,92,498,79,79,118,79,83,52,75,45,199,181,224,280
2019-11-28,458,11,91,110,88,120,65,224,82,79,502,79,0,59,83,56,228,73,55,320,55,0,465,118,83,74,93,396,70,100,58,90,76,66,64,66,163,128,180,207
2019-11-29,358,110,97,88,71,147,0,195,82,73,429,88,0,70,59,61,199,56,61,102,41,0,323,108,90,76,76,316,77,74,14,95,89,70,58,57,116,126,164,225
2019-11-30,309,92,75,71,72,144,37,201,83,67,369,78,0,49,74,62,167,73,58,0,64,0,426,95,111,71,92,319,63,92,109,95,82,77,67,49,124,99,145,204
2019-12-01,415,123,74,87,74,127,0,238,85,61,375,88,0,62,74,57,227,58,56,102,60,0,331,141,75,81,76,376,65,104,46,81,83,63,53,61,152,138,189,237
2019-12-02,433,87,97,125,74,193,11,247,82,89,668,82,0,63,78,66,277,88,74,0,53,0,489,166,67,77,87,486,75,115,84,92,83,68,69,53,203,170,226,367
2019-12-03,504,159,84,80,63,195,0,288,83,66,640,93,0,69,78,43,297,58,64,0,45,0,540,190,71,73,87,541,85,103,54,94,85,53,77,62,231,221,254,295
2019-12-04,511,0,77,99,66,229,105,297,79,81,587,80,0,59,83,52,267,80,49,123,60,0,419,182,85,72,91,478,87,74,82,84,80,67,60,46,208,169,234,234
2019-12-05,390,0,93,86,74,153,127,240,79,65,578,89,0,55,69,60,237,57,48,97,61,0,474,115,93,85,83,403,93,104,117,94,83,61,63,76,154,160,193,251
2019-12-06,348,105,84,80,88,119,41,206,81,80,416,79,0,70,77,55,203,72,85,216,49,0,464,117,99,81,102,317,78,84,28,84,85,74,67,59,132,108,151,255
2019-12-07,351,23,78,114,91,101,127,193,84,67,410,91,0,64,72,53,186,77,74,5,65,0,426,83,80,76,81,326,52,85,71,92,77,60,83,84,120,107,152,182
2019-12-08,374,92,80,116,79,119,58,238,87,73,484,86,0,63,89,57,240,72,70,0,53,0,384,153,88,75,92,380,87,106,75,87,96,61,51,49,158,139,182,270
2019-12-09,517,97,98,112,72,250,58,272,81,82,643,81,0,57,80,58,258,79,79,67,62,0,467,179,95,91,76,481,79,106,117,90,89,65,65,48,195,171,227,259
2019-12-10,591,226,79,95,69,272,64,292,86,67,634,81,0,60,84,56,301,69,60,114,45,0,513,190,74,78,77,510,71,80,62,95,78,55,54,84,229,215,264,274
2019-12-11,456,0,85,95,81,251,67,281,85,87,621,92,0,59,79,56,282,48,53,95,54,0,475,164,117,75,87,465,39,103,77,86,77,69,56,57,198,169,226,293
2019-12-12,437,140,73,54,89,138,83,245,82,71,464,79,0,59,73,55,268,56,77,112,55,0,405,139,75,77,81,423,69,119,32,97,84,75,73,40,159,150,179,188
2019-12-13,317,110,86,75,83,196,68,188,88,74,351,90,0,55,76,50,207,69,91,35,60,0,366,86,67,73,90,327,59,85,85,79,74,59,72,58,144,103,167,249
2019-12-14,280,132,84,118,80,116,112,189,79,77,375,86,0,50,79,66,225,70,60,144,63,0,460,117,79,80,86,341,74,128,78,89,79,49,59,62,113,112,176,65
2019-12-15,489,87,82,106,66,164,0,217,83,78,459,85,0,67,76,48,257,70,75,14,52,0,512,138,102,73,86,364,69,85,76,94,93,67,70,48,159,150,169,216
2019-12-16,458,175,81,70,85,222,104,262,91,77,610,87,0,60,77,71,271,66,77,29,57,0,520,154,91,79,105,481,73,103,97,94,82,60,67,51,201,208,231,228
2019-12-17,524,182,89,84,77,138,88,284,86,76,673,82,0,54,73,63,314,106,46,118,62,0,640,199,85,72,87,511,74,91,62,81,87,57,59,78,219,237,251,254
2019-12-18,433,97,84,82,80,166,57,269,87,71,628,88,0,58,75,59,265,60,101,209,59,0,650,192,92,70,81,484,81,89,77,92,90,62,53,62,205,193,208,248
2019-12-19,413,136,79,94,69,158,84,229,95,75,524,84,0,56,71,54,270,56,78,0,51,0,350,130,91,74,79,399,76,94,65,89,79,62,76,81,154,122,204,232
2019-12-20,290,63,75,60,89,125,126,214,90,68,474,89,0,62,72,52,230,58,77,0,49,0,403,93,92,79,82,330,68,127,98,96,84,54,80,56,131,113,166,174
2019-12-21,304,46,95,74,79,57,45,208,90,65,441,82,0,61,86,55,220,56,77,197,72,0,311,93,86,81,83,311,68,137,64,91,89,71,58,40,133,116,149,245
2019-12-22,357,0,81,113,66,134,63,229,83,71,402,85,0,52,84,63,224,80,56,0,51,0,375,139,81,71,87,418,69,117,85,90,76,61,63,61,160,120,174,279
2019-12-23,444,122,82,73,75,228,65,290,86,66,574,81,0,56,85,56,221,74,96,51,73,0,606,186,63,74,88,458,57,79,98,92,82,77,59,77,197,184,234,271
2019-12-24,531,70,88,92,71,243,0,285,96,73,617,92,0,68,79,67,292,56,68,235,64,0,526,187,76,74,110,508,88,92,101,92,76,70,62,55,209,211,247,294
2019-12-25,440,0,96,90,66,175,106,271,96,62,573,81,0,62,79,63,257,69,70,147,61,0,486,170,102,79,105,490,71,93,72,87,67,60,66,58,198,176,243,238
2019-12-26,391,94,73,65,87,189,0,241,89,76,488,79,0,63,72,55,220,93,96,28,42,0,665,150,81,71,80,378,66,121,116,81,79,71,68,46,159,139,188,184
2019-12-27,356,124,74,69,73,131,121,204,99,70,360,87,0,62,73,71,181,71,86,83,41,0,377,84,72,75,74,334,75,100,131,96,81,69,72,69,124,116,151,250
2019-12-28,321,0,69,98,87,135,116,209,88,74,452,88,0,53,76,55,190,72,63,124,62,0,311,124,86,80,95,309,71,85,67,93,82,73,57,55,118,99,155,272
2019-12-29,445,205,77,82,73,161,46,235,99,81,496,86,0,71,74,55,262,77,74,150,60,0,460,115,72,80,79,375,68,100,58,88,83,66,56,78,164,146,184,258
2019-12-30,499,112,95,62,78,198,30,287,90,73,565,88,0,52,83,46,242,67,72,19,62,0,490,192,71,82,81,487,84,132,113,90,82,66,75,69,212,181,237,311
2019-12-31,488,61,86,83,65,223,194,290,94,72,616,80,0,53,65,56,309,72,85,81,57,0,580,169,94,68,87,513,92,103,67,91,89,70,78,48,217,193,251,299
